t,j0_x,j0_y,j1_x,j1_y
0.0,0.0,0.0,0.0,0.0
0.01,0.001001001001001001,0.001001001001001001,0.0006678902977669233,1.002003004005006e-06
0.02,0.002002002002002002,0.002002002002002002,0.0013364481520533537,4.008012016020024e-06
0.03,0.0030030030030030025,0.0030030030030030025,0.002005673562859291,9.018027036045053e-06
0.04,0.004004004004004004,0.004004004004004004,0.0026755665301847363,1.6032048064080095e-05
0.05,0.005005005005005005,0.005005005005005005,0.0033461270540296882,2.5050075100125153e-05
0.06,0.006006006006006005,0.006006006006006005,0.004017355134394147,3.607210814418021e-05
0.07,0.007007007007007007,0.007007007007007007,0.004689250771278114,4.9098147196245295e-05
0.08,0.008008008008008008,0.008008008008008008,0.005361813964681587,6.412819225632038e-05
0.09,0.009009009009009007,0.009009009009009007,0.006035044714604568,8.116224332440528e-05
0.1,0.01001001001001001,0.01001001001001001,0.006708943021047055,0.00010020030040050061
0.11,0.011011011011011011,0.011011011011011011,0.007383508884009052,0.00012124236348460573
0.12,0.01201201201201201,0.01201201201201201,0.008058742303490553,0.00014428843257672085
0.13,0.013013013013013013,0.013013013013013013,0.008734643279491562,0.00016933850767684603
0.14,0.014014014014014012,0.014014014014014012,0.00941121181201208,0.00019639258878498118
0.15,0.015015015015015015,0.015015015015015015,0.010088447901052103,0.00022545067590112617
0.16,0.016016016016016016,0.016016016016016016,0.010766351546611633,0.0002565127690252815
0.17,0.01701701701701702,0.01701701701701702,0.011444922748690675,0.00028957886815744673
0.18,0.018018018018018014,0.018018018018018014,0.012124161507289217,0.0003246489732976217
0.19,0.019019019019019017,0.019019019019019017,0.01280406782240727,0.00036172308444580716
0.2,0.02002002002002002,0.02002002002002002,0.013484641694044829,0.00040080120160200245
0.21,0.02102102102102102,0.02102102102102102,0.014165883122201897,0.00044188332476620743
0.22,0.022022022022022022,0.022022022022022022,0.01484779210687847,0.0004849694539384229
0.23,0.023023023023023025,0.023023023023023025,0.015530368648074553,0.0005300595891186482
0.24,0.02402402402402402,0.02402402402402402,0.016213612745790137,0.0005771537303068834
0.25,0.025025025025025023,0.025025025025025023,0.016897524400025232,0.0006262518775031287
0.26,0.026026026026026026,0.026026026026026026,0.017582103610779835,0.0006773540307073841
0.27,0.02702702702702703,0.02702702702702703,0.018267350378053947,0.0007304601899196494
0.28,0.028028028028028028,0.028028028028028028,0.018953264701847567,0.0007855703551399247
0.29,0.029029029029029027,0.029029029029029027,0.019639846582160687,0.00084268452636821
0.3,0.03003003003003003,0.03003003003003003,0.020327096018993317,0.0009018027036045052
0.31,0.03103103103103103,0.03103103103103103,0.021015013012345457,0.0009629248868488107
0.32,0.03203203203203203,0.03203203203203203,0.021703597562217104,0.001026051076101126
0.33,0.03303303303303303,0.03303303303303303,0.02239284966860826,0.0010911812713614519
0.34,0.03403403403403404,0.03403403403403404,0.023082769331518916,0.0011583154726297871
0.35,0.035035035035035036,0.035035035035035036,0.02377335655094908,0.0012274536799061328
0.36,0.036036036036036036,0.036036036036036036,0.024464611326898755,0.0012985958931904875
0.37,0.037037037037037035,0.037037037037037035,0.025156533659367937,0.0013717421124828533
0.38,0.038038038038038034,0.038038038038038034,0.025849123548356626,0.0014468923377832287
0.39,0.039039039039039033,0.039039039039039033,0.02654238099386482,0.0015240465690916144
0.4,0.04004004004004004,0.04004004004004004,0.027236305995892527,0.00160320480640801
0.41,0.041041041041041046,0.041041041041041046,0.02793089855443974,0.0016843670497324154
0.42,0.04204204204204204,0.04204204204204204,0.028626158669506453,0.0017675332990648304
0.43,0.04304304304304304,0.04304304304304304,0.02932208634109268,0.0018527035544052561
0.44,0.044044044044044044,0.044044044044044044,0.03001868156919841,0.0019398778157536916
0.45,0.04504504504504504,0.04504504504504504,0.03071594435382365,0.0020290560831101377
0.46,0.04604604604604605,0.04604604604604605,0.0314138746949684,0.002120238356474593
0.47,0.04704704704704705,0.04704704704704705,0.03211247259263265,0.0022134246358470593
0.48,0.04804804804804804,0.04804804804804804,0.032811738046816405,0.0023086149212275336
0.49,0.04904904904904905,0.04904904904904905,0.033511671057519676,0.0024058092126160195
0.5,0.050050050050050046,0.050050050050050046,0.03421227162474245,0.002505007510012515
0.51,0.051051051051051045,0.051051051051051045,0.034913539748484726,0.0026062098134170208
0.52,0.05205205205205205,0.05205205205205205,0.035615475428746525,0.0027094161228295366
0.53,0.05305305305305306,0.05305305305305306,0.036318078665527824,0.0028146264382500623
0.54,0.05405405405405406,0.05405405405405406,0.03702134945882862,0.002921840759678598
0.55,0.05505505505505505,0.05505505505505505,0.03772528780864893,0.0030310590871151437
0.56,0.056056056056056056,0.056056056056056056,0.03842989371498875,0.0031422814205596997
0.5700000000000001,0.05705705705705706,0.05705705705705706,0.039135167177848075,0.0032555077600122657
0.58,0.058058058058058054,0.058058058058058054,0.03984110819722691,0.00337073810547284
0.59,0.05905905905905906,0.05905905905905906,0.04054771677312524,0.003487972456941426
0.6,0.06006006006006006,0.06006006006006006,0.04125499290554309,0.0036072108144180213
0.61,0.06106106106106105,0.06106106106106105,0.04196293659448044,0.0037284531779026276
0.62,0.06206206206206206,0.06206206206206206,0.042671547839937304,0.003851699547395243
0.63,0.06306306306306306,0.06306306306306306,0.04338082664191367,0.003976949922895869
0.64,0.06406406406406406,0.06406406406406406,0.04409077300040955,0.004104204304404504
0.65,0.06506506506506506,0.06506506506506506,0.04480138691542493,0.004233462691921151
0.66,0.06606606606606606,0.06606606606606606,0.045512668386959824,0.004364725085445807
0.67,0.06706706706706707,0.06706706706706707,0.04622461741501421,0.004497991484978473
0.68,0.06806806806806807,0.06806806806806807,0.04693723399958812,0.0046332618905191485
0.6900000000000001,0.06906906906906907,0.06906906906906907,0.04765051814068153,0.004770536302067835
0.7000000000000001,0.07007007007007007,0.07007007007007007,0.048364469838294455,0.004909814719624531
0.71,0.07107107107107107,0.07107107107107107,0.049079089092426864,0.005051097143189236
0.72,0.07207207207207206,0.07207207207207206,0.0497943759030788,0.005194383572761951
0.73,0.07307307307307306,0.07307307307307306,0.050510330270250245,0.005339674008342676
0.74,0.07407407407407407,0.07407407407407407,0.05122695219394119,0.005486968449931413
0.75,0.07507507507507508,0.07507507507507508,0.051944241674151646,0.005636266897528159
0.76,0.07607607607607607,0.07607607607607607,0.052662198710881604,0.005787569351132915
0.77,0.07707707707707707,0.07707707707707707,0.053380823304131075,0.005940875810745681
0.78,0.07807807807807808,0.07807807807807808,0.054100115453900054,0.0060961862763664575
0.79,0.07907907907907907,0.07907907907907907,0.05482007516018853,0.006253500747995244
0.8,0.08008008008008008,0.08008008008008008,0.055540702422996524,0.00641281922563204
0.81,0.08108108108108109,0.08108108108108109,0.05626199724232402,0.006574141709276846
0.8200000000000001,0.08208208208208209,0.08208208208208209,0.05698395961817103,0.006737468198929662
0.8300000000000001,0.08308308308308308,0.08308308308308308,0.05770658955053754,0.006902798694590488
0.84,0.08408408408408408,0.08408408408408408,0.058429887039423554,0.007070133196259322
0.85,0.08508508508508508,0.08508508508508508,0.05915385208482908,0.007239471703936168
0.86,0.08608608608608607,0.08608608608608607,0.05987848468675411,0.0074108142176210244
0.87,0.08708708708708708,0.08708708708708708,0.06060378484519865,0.007584160737313891
0.88,0.08808808808808809,0.08808808808808809,0.0613297525601627,0.007759511263014766
0.89,0.0890890890890891,0.0890890890890891,0.06205638783164625,0.007936865794723653
0.9,0.09009009009009009,0.09009009009009009,0.06278369065964931,0.00811622433244055
0.91,0.09109109109109108,0.09109109109109108,0.06351166104417187,0.008297586876165455
0.92,0.09209209209209208,0.09209209209209208,0.06424029898521397,0.008480953425898372
0.93,0.09309309309309309,0.09309309309309309,0.06496960448277554,0.008666323981639298
0.94,0.0940940940940941,0.0940940940940941,0.06569957753685662,0.008853698543388236
0.95,0.09509509509509509,0.09509509509509509,0.06643021814745723,0.00904307711114518
0.96,0.09609609609609608,0.09609609609609608,0.06716152631457734,0.009234459684910134
0.97,0.09709709709709709,0.09709709709709709,0.06789350203821695,0.009427846264683102
0.98,0.0980980980980981,0.0980980980980981,0.06862614531837606,0.009623236850464078
0.99,0.0990990990990991,0.0990990990990991,0.06935945615505469,0.009820631442253064
1.0,0.10010010010010009,0.10010010010010009,0.07009343454825283,0.01002003004005006
1.01,0.1011011011011011,0.1011011011011011,0.07082808049797046,0.010221432643855067
1.02,0.10210210210210209,0.10210210210210209,0.0715633940042076,0.010424839253668083
1.03,0.10310310310310311,0.10310310310310311,0.07229937506696427,0.010630249869489109
1.04,0.1041041041041041,0.1041041041041041,0.07303602368624042,0.010837664491318146
1.05,0.1051051051051051,0.1051051051051051,0.07377333986203609,0.011047083119155192
1.06,0.1061061061061061,0.1061061061061061,0.07451132359435127,0.01125850575300025
1.07,0.1071071071071071,0.1071071071071071,0.07524997488318595,0.011471932392853313
1.08,0.10810810810810811,0.10810810810810811,0.07598929372854014,0.011687363038714392
1.09,0.1091091091091091,0.1091091091091091,0.07672928013041384,0.01190479769058348
1.1,0.1101101101101101,0.1101101101101101,0.07746993408880705,0.012124236348460575
1.11,0.1111111111111111,0.1111111111111111,0.07821125560371975,0.01234567901234568
1.12,0.1121121121121121,0.1121121121121121,0.07895324467515198,0.012569125682238797
1.13,0.11311311311311312,0.11311311311311312,0.07969590130310371,0.012794576358139926
1.14,0.11411411411411412,0.11411411411411412,0.08043922548757497,0.013022031040049061
1.15,0.11511511511511513,0.11511511511511513,0.08118321722856571,0.013251489727966206
1.16,0.11611611611611611,0.11611611611611611,0.08192787652607593,0.01348295242189136
1.17,0.1171171171171171,0.1171171171171171,0.08267320338010568,0.013716419121824527
1.18,0.11811811811811812,0.11811811811811812,0.08341919779065493,0.013951889827765704
1.19,0.11911911911911911,0.11911911911911911,0.08416585975772371,0.01418936453971489
1.2,0.12012012012012012,0.12012012012012012,0.08491318928131199,0.014428843257672085
1.21,0.12112112112112111,0.12112112112112111,0.08566118636141978,0.014670325981637294
1.22,0.1221221221221221,0.1221221221221221,0.08640985099804707,0.01491381271161051
1.23,0.12312312312312312,0.12312312312312312,0.08715918319119387,0.015159303447591735
1.24,0.12412412412412412,0.12412412412412412,0.08790918294086016,0.015406798189580974
1.25,0.1251251251251251,0.1251251251251251,0.08865985024704598,0.01565629693757822
1.26,0.12612612612612611,0.12612612612612611,0.08941118510975131,0.015907799691583478
1.27,0.12712712712712712,0.12712712712712712,0.09016318752897612,0.016161306451596743
1.28,0.12812812812812813,0.12812812812812813,0.09091585750472045,0.016416817217618018
1.29,0.12912912912912913,0.12912912912912913,0.0916691950369843,0.016674331989647306
1.3,0.1301301301301301,0.1301301301301301,0.09242320012576766,0.016933850767684604
1.31,0.13113113113113112,0.13113113113113112,0.09317787277107052,0.017195373551729908
1.32,0.13213213213213212,0.13213213213213212,0.09393321297289287,0.01745890034178323
1.33,0.13313313313313313,0.13313313313313313,0.09468922073123473,0.01772443113784455
1.34,0.13413413413413414,0.13413413413413414,0.09544589604609612,0.017991965939913892
1.35,0.13513513513513511,0.13513513513513511,0.09620323891747701,0.018261504747991236
1.36,0.13613613613613612,0.13613613613613612,0.09696124934537739,0.01853304756207659
1.37,0.13713713713713713,0.13713713713713713,0.09771992732979728,0.01880659438216996
1.38,0.13813813813813813,0.13813813813813813,0.0984792728707367,0.01908214520827134
1.39,0.13913913913913914,0.13913913913913914,0.09923928596819563,0.01935970004038073
1.4,0.14014014014014015,0.14014014014014015,0.09999996662217404,0.019639258878498125
1.41,0.14114114114114112,0.14114114114114112,0.10076131483267195,0.019920821722623522
1.42,0.14214214214214213,0.14214214214214213,0.10152333059968939,0.020204388572756943
1.43,0.14314314314314314,0.14314314314314314,0.10228601392322631,0.02048995942889837
1.44,0.14414414414414414,0.14414414414414414,0.10304936480328276,0.020777534291047804
1.45,0.14514514514514515,0.14514514514514515,0.10381338323985873,0.02106711315920525
1.46,0.14614614614614613,0.14614614614614613,0.10457806923295421,0.021358696033370705
1.47,0.14714714714714713,0.14714714714714713,0.10534342278256915,0.021652282913544176
1.48,0.14814814814814814,0.14814814814814814,0.10610944388870365,0.021947873799725653
1.49,0.14914914914914915,0.14914914914914915,0.10687613255135762,0.02224546869191514
1.5,0.15015015015015015,0.15015015015015015,0.10764348877053112,0.022545067590112634
1.51,0.15115115115115113,0.15115115115115113,0.10841151254622412,0.02284667049431814
1.52,0.15215215215215214,0.15215215215215214,0.10918020387843662,0.02315027740453166
1.53,0.15315315315315314,0.15315315315315314,0.10994956276716863,0.023455888320753186
1.54,0.15415415415415415,0.15415415415415415,0.11071958921242014,0.023763503242982723
1.55,0.15515515515515516,0.15515515515515516,0.1114902832141912,0.02407312217122027
1.56,0.15615615615615613,0.15615615615615613,0.11226164477248173,0.024384745105465826
1.57,0.15715715715715714,0.15715715715715714,0.11303367388729178,0.024698372045719393
1.58,0.15815815815815815,0.15815815815815815,0.11380637055862132,0.02501400299198098
1.59,0.15915915915915915,0.15915915915915915,0.11457973478647036,0.025331637944250557
1.6,0.16016016016016016,0.16016016016016016,0.11535376657083894,0.02565127690252816
1.61,0.16116116116116116,0.16116116116116116,0.11612846591172701,0.02597291986681376
1.62,0.16216216216216217,0.16216216216216217,0.1169038328091346,0.026296566837107384
1.63,0.16316316316316315,0.16316316316316315,0.11767986726306166,0.026622217813409003
1.64,0.16416416416416418,0.16416416416416418,0.11845656927350827,0.026949872795718647
1.65,0.16516516516516516,0.16516516516516516,0.11923393884047437,0.027279531784036293
1.66,0.16616616616616617,0.16616616616616617,0.12001197596395997,0.02761119477836195
1.67,0.16716716716716715,0.16716716716716715,0.12079068064396506,0.027944861778695613
1.68,0.16816816816816815,0.16816816816816815,0.1215700528804897,0.028280532785037286
1.69,0.16916916916916916,0.16916916916916916,0.12235009267353383,0.028618207797386972
1.7,0.17017017017017017,0.17017017017017017,0.12313080002309745,0.028957886815744672
1.71,0.17117117117117117,0.17117117117117117,0.12391217492918062,0.029299569840110378
1.72,0.17217217217217215,0.17217217217217215,0.12469421739178325,0.029643256870484094
1.73,0.17317317317317318,0.17317317317317318,0.1254769274109054,0.029988947906865824
1.74,0.17417417417417416,0.17417417417417416,0.12626030498654706,0.030336642949255564
1.75,0.17517517517517517,0.17517517517517517,0.12704435011870824,0.03068634199765331
1.76,0.17617617617617617,0.17617617617617617,0.12782906280738893,0.031038045052059066
1.77,0.17717717717717715,0.17717717717717715,0.1286144430525891,0.03139175211247283
1.78,0.1781781781781782,0.1781781781781782,0.1294004908543088,0.03174746317889461
1.79,0.17917917917917917,0.17917917917917917,0.130187206212548,0.0321051782513244
1.8,0.18018018018018017,0.18018018018018017,0.1309745891273067,0.0324648973297622
1.81,0.18118118118118118,0.18118118118118118,0.13176263959858492,0.032826620414208
1.82,0.18218218218218216,0.18218218218218216,0.13255135762638265,0.03319034750466182
1.83,0.1831831831831832,0.1831831831831832,0.13334074321069986,0.033556078601123654
1.84,0.18418418418418417,0.18418418418418417,0.13413079635153663,0.033923813703593486
1.85,0.18518518518518517,0.18518518518518517,0.13492151704889285,0.03429355281207133
1.86,0.18618618618618618,0.18618618618618618,0.13571290530276858,0.03466529592655719
1.87,0.18718718718718722,0.18718718718718722,0.13650496111316388,0.03503904304705106
1.88,0.1881881881881882,0.1881881881881882,0.13729768448007862,0.03541479417355294
1.89,0.18918918918918917,0.18918918918918917,0.1380910754035129,0.03579254930606282
1.9,0.19019019019019018,0.19019019019019018,0.13888513388346665,0.03617230844458072
1.91,0.19119119119119118,0.19119119119119118,0.13967985991993995,0.036554071589106625
1.92,0.19219219219219216,0.19219219219219216,0.14047525351293275,0.03693783873964054
1.93,0.1931931931931932,0.1931931931931932,0.14127131466244505,0.03732360989618247
1.94,0.19419419419419418,0.19419419419419418,0.14206804336847684,0.03771138505873241
1.95,0.19519519519519518,0.19519519519519518,0.14286543963102816,0.03810116422729035
1.96,0.1961961961961962,0.1961961961961962,0.14366350345009898,0.03849294740185631
1.97,0.19719719719719717,0.19719719719719717,0.14446223482568932,0.03888673458243028
1.98,0.1981981981981982,0.1981981981981982,0.14526163375779916,0.039282525769012255
1.99,0.19919919919919918,0.19919919919919918,0.1460617002464285,0.03968032096160224
2.0,0.20020020020020018,0.20020020020020018,0.14686243429157733,0.04008012016020024
2.01,0.2012012012012012,0.2012012012012012,0.14766383589324572,0.04048192336480626
2.02,0.2022022022022022,0.2022022022022022,0.14846590505143356,0.04088573057542027
2.03,0.20320320320320323,0.20320320320320323,0.14926864176614096,0.041291541792042294
2.04,0.20420420420420418,0.20420420420420418,0.1500720460373678,0.04169935701467233
2.05,0.2052052052052052,0.2052052052052052,0.1508761178651142,0.04210917624331038
2.06,0.20620620620620622,0.20620620620620622,0.1516808572493801,0.042520999477956435
2.07,0.2072072072072072,0.2072072072072072,0.15248626419016548,0.0429348267186105
2.08,0.2082082082082082,0.2082082082082082,0.15329233868747041,0.043350657965272585
2.09,0.20920920920920918,0.20920920920920918,0.15409908074129483,0.043768493217942656
2.1,0.2102102102102102,0.2102102102102102,0.15490649035163873,0.04418833247662077
2.11,0.21121121121121122,0.21121121121121122,0.15571456751850216,0.04461017574130687
2.12,0.21221221221221223,0.21221221221221223,0.1565233122418851,0.045034023012001
2.13,0.2132132132132132,0.2132132132132132,0.15733272452178754,0.04545987428870312
2.14,0.2142142142142142,0.2142142142142142,0.15814280435820952,0.04588772957141325
2.15,0.2152152152152152,0.2152152152152152,0.15895355175115097,0.0463175888601314
2.16,0.21621621621621623,0.21621621621621623,0.1597649667006119,0.04674945215485757
2.17,0.2172172172172172,0.2172172172172172,0.16057704920659238,0.047183319455591725
2.18,0.2182182182182182,0.2182182182182182,0.1613897992690924,0.04761919076233392
2.19,0.2192192192192192,0.2192192192192192,0.16220321688811185,0.048057066075084094
2.2,0.2202202202202202,0.2202202202202202,0.16301730206365087,0.0484969453938423
2.21,0.22122122122122123,0.22122122122122123,0.16383205479570936,0.0489388287186085
2.22,0.22222222222222224,0.22222222222222224,0.1646474750842874,0.04938271604938272
2.23,0.22322322322322322,0.22322322322322322,0.16546356292938486,0.049828607386164944
2.24,0.2242242242242242,0.2242242242242242,0.1662803183310019,0.05027650272895519
2.25,0.2252252252252252,0.2252252252252252,0.16709774128913843,0.05072640207775343
2.26,0.22622622622622623,0.22622622622622623,0.1679158318037945,0.051178305432559704
2.27,0.2272272272272272,0.2272272272272272,0.16873458987497,0.05163221279337396
2.28,0.22822822822822825,0.22822822822822825,0.16955401550266508,0.052088124160196245
2.29,0.2292292292292292,0.2292292292292292,0.1703741086868796,0.05254603953302652
2.3000000000000003,0.23023023023023026,0.23023023023023026,0.1711948694276137,0.053005958911864826
2.31,0.23123123123123124,0.23123123123123124,0.17201629772486723,0.05346788229671112
2.32,0.23223223223223222,0.23223223223223222,0.17283839357864034,0.05393180968756544
2.33,0.23323323323323322,0.23323323323323322,0.17366115698893292,0.05439774108442778
2.34,0.2342342342342342,0.2342342342342342,0.174484587955745,0.054865676487298114
2.35,0.23523523523523523,0.23523523523523523,0.1753086864790766,0.055335615896176464
2.36,0.23623623623623624,0.23623623623623624,0.1761334525589277,0.055807559311062814
2.37,0.23723723723723725,0.23723723723723725,0.17695888619529837,0.05628150673195718
2.38,0.23823823823823823,0.23823823823823823,0.17778498738818846,0.05675745815885956
2.39,0.2392392392392392,0.2392392392392392,0.17861175613759808,0.05723541359176995
2.4,0.24024024024024024,0.24024024024024024,0.1794391924435272,0.05771537303068835
2.41,0.24124124124124124,0.24124124124124124,0.18026729630597588,0.05819733647561476
2.42,0.24224224224224222,0.24224224224224222,0.18109606772494402,0.058681303926549175
2.43,0.24324324324324323,0.24324324324324323,0.18192550670043167,0.059167275383491605
2.44,0.2442442442442442,0.2442442442442442,0.18275561323243883,0.05965525084644204
2.45,0.24524524524524524,0.24524524524524524,0.1835863873209655,0.0601452303154005
2.46,0.24624624624624625,0.24624624624624625,0.1844178289660117,0.06063721379036694
2.47,0.24724724724724725,0.24724724724724725,0.1852499381675774,0.061131201271341425
2.48,0.24824824824824823,0.24824824824824823,0.18608271492566258,0.06162719275832389
2.49,0.2492492492492492,0.2492492492492492,0.18691615924026728,0.06212518825131438
2.5,0.2502502502502502,0.2502502502502502,0.18775027111139148,0.06262518775031288
2.51,0.25125125125125125,0.25125125125125125,0.1885850505390352,0.0631271912553194
2.52,0.25225225225225223,0.25225225225225223,0.18942049752319842,0.0636311987663339
2.53,0.25325325325325326,0.25325325325325326,0.1902566120638812,0.06413721028335645
2.54,0.25425425425425424,0.25425425425425424,0.1910933941610834,0.06464522580638697
2.5500000000000003,0.2552552552552553,0.2552552552552553,0.1919308438148052,0.06515524533542552
2.56,0.25625625625625625,0.25625625625625625,0.1927689610250464,0.06566726887047207
2.57,0.25725725725725723,0.25725725725725723,0.19360774579180715,0.06618129641152665
2.58,0.25825825825825827,0.25825825825825827,0.1944471981150874,0.06669732795858922
2.59,0.25925925925925924,0.25925925925925924,0.1952873179948872,0.0672153635116598
2.6,0.2602602602602602,0.2602602602602602,0.19612810543120646,0.06773540307073841
2.61,0.26126126126126126,0.26126126126126126,0.19696956042404523,0.06825744663582502
2.62,0.2622622622622623,0.2622622622622623,0.19781168297340357,0.06878149420691963
2.63,0.26326326326326327,0.26326326326326327,0.19865447307928136,0.06930754578402226
2.64,0.26426426426426425,0.26426426426426425,0.19949793074167865,0.06983560136713292
2.65,0.2652652652652652,0.2652652652652652,0.20034205596059548,0.07036566095625155
2.66,0.26626626626626626,0.26626626626626626,0.2011868487360318,0.0708977245513782
2.67,0.26726726726726724,0.26726726726726724,0.20203230906798764,0.07143179215251287
2.68,0.2682682682682683,0.2682682682682683,0.202878436956463,0.07196786375965557
2.69,0.26926926926926925,0.26926926926926925,0.2037252324014578,0.07250593937280625
2.7,0.27027027027027023,0.27027027027027023,0.20457269540297215,0.07304601899196494
2.71,0.27127127127127126,0.27127127127127126,0.20542082596100603,0.07358810261713165
2.72,0.2722722722722723,0.2722722722722723,0.2062696240755594,0.07413219024830636
2.73,0.2732732732732733,0.2732732732732733,0.20711908974663226,0.07467828188548908
2.74,0.27427427427427425,0.27427427427427425,0.20796922297422468,0.07522637752867983
2.75,0.27527527527527523,0.27527527527527523,0.20882002375833653,0.07577647717787858
2.76,0.27627627627627627,0.27627627627627627,0.20967149209896793,0.07632858083308536
2.77,0.27727727727727725,0.27727727727727725,0.21052362799611882,0.0768826884943001
2.78,0.2782782782782783,0.2782782782782783,0.21137643144978926,0.07743880016152291
2.79,0.27927927927927926,0.27927927927927926,0.21222990245997916,0.07799691583475367
2.8000000000000003,0.2802802802802803,0.2802802802802803,0.21308404102668863,0.0785570355139925
2.81,0.28128128128128127,0.28128128128128127,0.21393884714991754,0.0791191591992393
2.82,0.28228228228228225,0.28228228228228225,0.21479432082966596,0.07968328689049409
2.83,0.2832832832832833,0.2832832832832833,0.2156504620659339,0.08024941858775693
2.84,0.28428428428428426,0.28428428428428426,0.21650727085872135,0.08081755429102777
2.85,0.2852852852852853,0.2852852852852853,0.2173647472080283,0.08138769400030661
2.86,0.2862862862862863,0.2862862862862863,0.21822289111385476,0.08195983771559348
2.87,0.2872872872872873,0.2872872872872873,0.21908170257620077,0.08253398543688834
2.88,0.2882882882882883,0.2882882882882883,0.2199411815950662,0.08311013716419122
2.89,0.28928928928928926,0.28928928928928926,0.22080132817045123,0.08368829289750211
2.9,0.2902902902902903,0.2902902902902903,0.2216621423023557,0.084268452636821
2.91,0.2912912912912913,0.2912912912912913,0.22252362399077974,0.08485061638214793
2.92,0.29229229229229226,0.29229229229229226,0.22338577323572323,0.08543478413348282
2.93,0.2932932932932933,0.2932932932932933,0.22424859003718622,0.08602095589082578
2.94,0.29429429429429427,0.29429429429429427,0.22511207439516878,0.0866091316541767
2.95,0.2952952952952953,0.2952952952952953,0.2259762263096708,0.08719931142353565
2.96,0.2962962962962963,0.2962962962962963,0.22684104578069234,0.08779149519890261
2.97,0.2972972972972973,0.2972972972972973,0.2277065328082334,0.08838568298027759
2.98,0.2982982982982983,0.2982982982982983,0.22857268739229394,0.08898187476766056
2.99,0.29929929929929927,0.29929929929929927,0.22943950953287404,0.08958007056105155
3.0,0.3003003003003003,0.3003003003003003,0.23030699922997355,0.09018027036045054
3.01,0.3013013013013013,0.3013013013013013,0.23117515648359266,0.09078247416585758
3.02,0.30230230230230226,0.30230230230230226,0.2320439812937312,0.09138668197727257
3.03,0.30330330330330335,0.30330330330330335,0.2329134736603893,0.09199289379469561
3.04,0.3043043043043043,0.3043043043043043,0.2337836335835669,0.09260110961812663
3.0500000000000003,0.3053053053053053,0.3053053053053053,0.23465446106326404,0.0932113294475657
3.06,0.3063063063063063,0.3063063063063063,0.23552595609948063,0.09382355328301274
3.0700000000000003,0.3073073073073073,0.3073073073073073,0.23639811869221677,0.09443778112446782
3.08,0.3083083083083083,0.3083083083083083,0.23727094884147235,0.09505401297193089
3.09,0.3093093093093093,0.3093093093093093,0.23814444654724748,0.09567224882540197
3.1,0.3103103103103103,0.3103103103103103,0.23901861180954212,0.09629248868488108
3.11,0.3113113113113113,0.3113113113113113,0.23989344462835624,0.09691473255036819
3.12,0.3123123123123123,0.3123123123123123,0.24076894500368992,0.0975389804218633
3.13,0.3133133133133133,0.3133133133133133,0.24164511293554308,0.09816523229936643
3.14,0.3143143143143143,0.3143143143143143,0.24252194842391578,0.09879348818287757
3.15,0.3153153153153153,0.3153153153153153,0.24339945146880793,0.09942374807239672
3.16,0.3163163163163163,0.3163163163163163,0.24427762207021958,0.10005601196792391
3.17,0.31731731731731727,0.31731731731731727,0.24515646022815077,0.10069027986945905
3.18,0.3183183183183183,0.3183183183183183,0.2460359659426015,0.10132655177700224
3.19,0.3193193193193193,0.3193193193193193,0.2469161392135717,0.10196482769055341
3.2,0.3203203203203203,0.3203203203203203,0.24779698004106143,0.10260510761011264
3.21,0.3213213213213213,0.3213213213213213,0.2486784884250706,0.10324739153567983
3.22,0.32232232232232233,0.32232232232232233,0.2495606643655994,0.10389167946725505
3.23,0.32332332332332325,0.32332332332332325,0.2504435078626476,0.10453797140483827
3.24,0.32432432432432434,0.32432432432432434,0.2513270189162154,0.10518626734842954
3.25,0.3253253253253253,0.3253253253253253,0.25221119752630256,0.10583656729802876
3.26,0.3263263263263263,0.3263263263263263,0.25309604369290933,0.10648887125363603
3.27,0.32732732732732733,0.32732732732732733,0.25398155741603556,0.1071431792152513
3.28,0.32832832832832837,0.32832832832832837,0.2548677386956814,0.10779949118287459
3.29,0.3293293293293293,0.3293293293293293,0.2557545875318466,0.10845780715650585
3.3000000000000003,0.3303303303303303,0.3303303303303303,0.2566421039245314,0.10911812713614517
3.31,0.3313313313313313,0.3313313313313313,0.2575302878737357,0.10978045112179247
3.3200000000000003,0.33233233233233234,0.33233233233233234,0.25841913937945954,0.1104447791134478
3.33,0.33333333333333326,0.33333333333333326,0.2593086584417028,0.11111111111111112
3.34,0.3343343343343343,0.3343343343343343,0.2601988450604656,0.11177944711478245
3.35,0.3353353353353353,0.3353353353353353,0.26108969923574793,0.1124497871244618
3.36,0.3363363363363363,0.3363363363363363,0.2619812209675497,0.11312213114014914
3.37,0.33733733733733734,0.33733733733733734,0.2628734102558711,0.11379647916184454
3.38,0.3383383383383383,0.3383383383383383,0.2637662671007119,0.11447283118954789
3.39,0.3393393393393393,0.3393393393393393,0.2646597915020723,0.1151511872232593
3.4,0.34034034034034033,0.34034034034034033,0.2655539834599521,0.11583154726297869
3.41,0.3413413413413413,0.3413413413413413,0.2664488429743515,0.11651391130870613
3.42,0.34234234234234234,0.34234234234234234,0.26734437004527034,0.11719827936044151
3.43,0.3433433433433434,0.3433433433433434,0.26824056467270874,0.11788465141818495
3.44,0.3443443443443443,0.3443443443443443,0.2691374268566666,0.11857302748193638
3.45,0.34534534534534533,0.34534534534534533,0.270034956597144,0.11926340755169586
3.46,0.34634634634634637,0.34634634634634637,0.2709331538941409,0.1199557916274633
3.47,0.34734734734734735,0.34734734734734735,0.2718320187476573,0.12065017970923878
3.48,0.3483483483483483,0.3483483483483483,0.2727315511576932,0.12134657179702225
3.49,0.3493493493493494,0.3493493493493494,0.2736317511242486,0.12204496789081376
3.5,0.35035035035035034,0.35035035035035034,0.27453261864732353,0.12274536799061324
3.51,0.35135135135135137,0.35135135135135137,0.275434153726918,0.12344777209642077
3.52,0.35235235235235235,0.35235235235235235,0.27633635636303194,0.12415218020823626
3.53,0.3533533533533534,0.3533533533533534,0.2772392265556654,0.12485859232605982
3.54,0.3543543543543543,0.3543543543543543,0.2781427643048183,0.12556700844989133
3.5500000000000003,0.35535535535535534,0.35535535535535534,0.2790469696104908,0.12627742857973093
3.56,0.3563563563563564,0.3563563563563564,0.2799518424726828,0.12698985271557844
3.5700000000000003,0.35735735735735735,0.35735735735735735,0.2808573828913943,0.12770428085743402
3.58,0.35835835835835833,0.35835835835835833,0.2817635908666252,0.1284207130052976
3.59,0.3593593593593593,0.3593593593593593,0.28267046639837573,0.1291391491591692
3.6,0.36036036036036034,0.36036036036036034,0.2835780094866457,0.1298595893190488
3.61,0.3613613613613614,0.3613613613613614,0.2844862201314352,0.13058203348493638
3.62,0.36236236236236236,0.36236236236236236,0.28539509833274423,0.131306481656832
3.63,0.36336336336336333,0.36336336336336333,0.2863046440905727,0.13203293383473563
3.64,0.3643643643643643,0.3643643643643643,0.28721485740492075,0.13276139001864729
3.65,0.36536536536536535,0.36536536536536535,0.2881257382757883,0.1334918502085669
3.66,0.3663663663663664,0.3663663663663664,0.28903728670317536,0.13422431440449462
3.67,0.36736736736736736,0.36736736736736736,0.2899495026870819,0.13495878260643024
3.68,0.36836836836836834,0.36836836836836834,0.290862386227508,0.13569525481437394
3.69,0.3693693693693693,0.3693693693693693,0.2917759373244535,0.13643373102832562
3.7,0.37037037037037035,0.37037037037037035,0.2926901559779186,0.13717421124828533
3.71,0.3713713713713714,0.3713713713713714,0.2936050421879032,0.13791669547425303
3.72,0.37237237237237236,0.37237237237237236,0.29452059595440727,0.13866118370622876
3.73,0.37337337337337334,0.37337337337337334,0.2954368172774308,0.1394076759442125
3.74,0.37437437437437443,0.37437437437437443,0.29635370615697393,0.14015617218820425
3.75,0.37537537537537535,0.37537537537537535,0.29727126259303654,0.14090667243820398
3.76,0.3763763763763764,0.3763763763763764,0.29818948658561867,0.14165917669421177
3.77,0.37737737737737737,0.37737737737737737,0.2991083781347203,0.1424136849562275
3.78,0.37837837837837834,0.37837837837837834,0.3000279372403414,0.14317019722425128
3.79,0.3793793793793793,0.3793793793793793,0.300948163902482,0.1439287134982831
3.8,0.38038038038038036,0.38038038038038036,0.3018690581211421,0.14468923377832288
3.81,0.3813813813813814,0.3813813813813814,0.3027906198963218,0.1454517580643707
3.82,0.38238238238238237,0.38238238238238237,0.30371284922802094,0.1462162863564265
3.83,0.38338338338338335,0.38338338338338335,0.3046357461162396,0.14698281865449034
3.84,0.3843843843843843,0.3843843843843843,0.30555931056097774,0.14775135495856215
3.85,0.38538538538538536,0.38538538538538536,0.3064835425622355,0.14852189526864204
3.86,0.3863863863863864,0.3863863863863864,0.30740844212001267,0.14929443958472985
3.87,0.38738738738738737,0.38738738738738737,0.30833400923430937,0.15006898790682574
3.88,0.38838838838838835,0.38838838838838835,0.3092602439051255,0.1508455402349296
3.89,0.38938938938938933,0.38938938938938933,0.31018714613246123,0.15162409656904155
3.9,0.39039039039039036,0.39039039039039036,0.31111471591631645,0.1524046569091614
3.91,0.3913913913913914,0.3913913913913914,0.3120429532566912,0.15318722125528936
3.92,0.3923923923923924,0.3923923923923924,0.3129718581535854,0.15397178960742525
3.93,0.39339339339339335,0.39339339339339335,0.31390143060699915,0.1547583619655692
3.94,0.39439439439439433,0.39439439439439433,0.31483167061693235,0.1555469383297211
3.95,0.39539539539539537,0.39539539539539537,0.31576257818338516,0.15633751869988108
3.96,0.3963963963963964,0.3963963963963964,0.3166941533063574,0.15713010307604902
3.97,0.3973973973973974,0.3973973973973974,0.3176263959858492,0.157924691458225
3.98,0.39839839839839836,0.39839839839839836,0.3185593062218604,0.15872128384640896
3.99,0.39939939939939945,0.39939939939939945,0.31949288401439124,0.159519880240601
4.0,0.40040040040040037,0.40040040040040037,0.3204271293634415,0.16032048064080096
4.01,0.4014014014014014,0.4014014014014014,0.32136204226901127,0.16112308504700895
4.0200000000000005,0.4024024024024024,0.4024024024024024,0.32229762273110063,0.16192769345922503
4.03,0.40340340340340336,0.40340340340340336,0.3232338707497094,0.16273430587744908
4.04,0.4044044044044044,0.4044044044044044,0.3241707863248377,0.16354292230168108
4.05,0.4054054054054054,0.4054054054054054,0.3251083694564855,0.16435354273192113
4.0600000000000005,0.40640640640640646,0.40640640640640646,0.32604662014465285,0.16516616716816918
4.07,0.40740740740740744,0.40740740740740744,0.32698553838933964,0.16598079561042525
4.08,0.40840840840840836,0.40840840840840836,0.327925124190546,0.16679742805868933
4.09,0.4094094094094094,0.4094094094094094,0.32886537754827183,0.1676160645129614
4.1,0.4104104104104104,0.4104104104104104,0.3298062984625172,0.1684367049732415
4.11,0.4114114114114114,0.4114114114114114,0.33074788693328205,0.16925934943952964
4.12,0.41241241241241244,0.41241241241241244,0.3316901429605664,0.17008399791182574
4.13,0.41341341341341337,0.41341341341341337,0.3326330665443703,0.17091065039012987
4.14,0.4144144144144144,0.4144144144144144,0.3335766576846937,0.171739306874442
4.15,0.4154154154154154,0.4154154154154154,0.3345209163815366,0.17256996736476218
4.16,0.4164164164164164,0.4164164164164164,0.335465842634899,0.17340263186109034
4.17,0.41741741741741745,0.41741741741741745,0.33641143644478094,0.1742373003634265
4.18,0.41841841841841837,0.41841841841841837,0.3373576978111823,0.17507397287177062
4.19,0.41941941941941946,0.41941941941941946,0.3383046267341033,0.1759126493861229
4.2,0.4204204204204204,0.4204204204204204,0.33925222321354365,0.17675332990648307
4.21,0.4214214214214214,0.4214214214214214,0.34020048724950364,0.17759601443285125
4.22,0.42242242242242245,0.42242242242242245,0.34114941884198297,0.1784407029652275
4.23,0.4234234234234234,0.4234234234234234,0.342099017990982,0.17928739550361175
4.24,0.42442442442442446,0.42442442442442446,0.3430492846965005,0.180136092048004
4.25,0.4254254254254254,0.4254254254254254,0.3440002189585384,0.18098679259840422
4.26,0.4264264264264264,0.4264264264264264,0.3449518207770958,0.18183949715481248
4.2700000000000005,0.42742742742742745,0.42742742742742745,0.3459040901521729,0.18269420571722877
4.28,0.4284284284284284,0.4284284284284284,0.34685702708376936,0.183550918285653
4.29,0.4294294294294294,0.4294294294294294,0.3478106315718853,0.18440963486008533
4.3,0.4304304304304304,0.4304304304304304,0.3487649036165208,0.1852703554405256
4.3100000000000005,0.4314314314314315,0.4314314314314315,0.34971984321767585,0.18613308002697393
4.32,0.43243243243243246,0.43243243243243246,0.35067545037535036,0.18699780861943024
4.33,0.4334334334334334,0.4334334334334334,0.3516317250895443,0.1878645412178946
4.34,0.4344344344344344,0.4344344344344344,0.3525886673602579,0.1887332778223669
4.3500000000000005,0.4354354354354355,0.4354354354354355,0.353546277187491,0.18960401843284727
4.36,0.4364364364364364,0.4364364364364364,0.35450455457124347,0.19047676304933567
4.37,0.43743743743743746,0.43743743743743746,0.35546349951151557,0.19135151167183198
4.38,0.4384384384384384,0.4384384384384384,0.3564231120083071,0.19222826430033638
4.39,0.4394394394394394,0.4394394394394394,0.3573833920616182,0.19310702093484877
4.4,0.4404404404404404,0.4404404404404404,0.3583443396714487,0.19398778157536917
4.41,0.44144144144144143,0.44144144144144143,0.3593059548377988,0.19487054622189756
4.42,0.44244244244244246,0.44244244244244246,0.3602682375606684,0.195755314874434
4.43,0.4434434434434434,0.4434434434434434,0.3612311878400575,0.1966420875329784
4.44,0.4444444444444445,0.4444444444444445,0.3621948056759661,0.19753086419753085
4.45,0.4454454454454454,0.4454454454454454,0.3631590910683942,0.19842164486809136
4.46,0.44644644644644643,0.44644644644644643,0.3641240440173418,0.19931442954465978
4.47,0.44744744744744747,0.44744744744744747,0.3650896645228089,0.20020921822723622
4.48,0.4484484484484484,0.4484484484484484,0.36605595258479556,0.20110601091582075
4.49,0.4494494494494495,0.4494494494494495,0.3670229082033017,0.20200480761041323
4.5,0.4504504504504504,0.4504504504504504,0.3679905313783273,0.20290560831101373
4.51,0.45145145145145144,0.45145145145145144,0.36895882210987246,0.20380841301762223
4.5200000000000005,0.45245245245245247,0.45245245245245247,0.36992778039793717,0.20471322173023884
4.53,0.4534534534534534,0.4534534534534534,0.3708974062425213,0.2056200344488633
4.54,0.4544544544544544,0.4544544544544544,0.371867699643625,0.20652885117349584
4.55,0.4554554554554554,0.4554554554554554,0.37283866060124815,0.20743967190413637
4.5600000000000005,0.4564564564564565,0.4564564564564565,0.3738102891153909,0.20835249664078498
4.57,0.4574574574574575,0.4574574574574575,0.374782585186053,0.2092673253834415
4.58,0.4584584584584584,0.4584584584584584,0.37575554881323475,0.21018415813210609
4.59,0.45945945945945943,0.45945945945945943,0.3767291799969359,0.2111029948867787
4.6000000000000005,0.4604604604604605,0.4604604604604605,0.3777034787371567,0.21202383564745927
4.61,0.46146146146146144,0.46146146146146144,0.37867844503389686,0.21294668041414788
4.62,0.4624624624624625,0.4624624624624625,0.37965407888715663,0.2138715291868445
4.63,0.4634634634634634,0.4634634634634634,0.38063038029693586,0.21479838196554915
4.64,0.46446446446446443,0.46446446446446443,0.3816073492632346,0.21572723875026176
4.65,0.46546546546546547,0.46546546546546547,0.3825849857860528,0.21665809954098242
4.66,0.46646646646646645,0.46646646646646645,0.3835632898653906,0.2175909643377111
4.67,0.4674674674674675,0.4674674674674675,0.3845422615012478,0.21852583314044777
4.68,0.4684684684684684,0.4684684684684684,0.3855219006936246,0.21946270594919245
4.69,0.4694694694694695,0.4694694694694695,0.3865022074425209,0.22040158276394514
4.7,0.47047047047047047,0.47047047047047047,0.38748318174793667,0.22134246358470586
4.71,0.47147147147147145,0.47147147147147145,0.388464823609872,0.22228534841147454
4.72,0.4724724724724725,0.4724724724724725,0.38944713302832673,0.22323023724425126
4.73,0.4734734734734734,0.4734734734734734,0.3904301100033011,0.22417713008303602
4.74,0.4744744744744745,0.4744744744744745,0.39141375453479493,0.2251260269278287
4.75,0.4754754754754755,0.4754754754754755,0.3923980666228082,0.22607692777862948
4.76,0.47647647647647645,0.47647647647647645,0.39338304626734105,0.22702983263543824
4.7700000000000005,0.4774774774774775,0.4774774774774775,0.3943686934683934,0.2279847414982551
4.78,0.4784784784784784,0.4784784784784784,0.39535500822596525,0.2289416543670798
4.79,0.47947947947947944,0.47947947947947944,0.3963419905400566,0.2299005712419126
4.8,0.4804804804804805,0.4804804804804805,0.39732964041066743,0.2308614921227534
4.8100000000000005,0.48148148148148157,0.48148148148148157,0.39831795783779783,0.23182441700960224
4.82,0.4824824824824825,0.4824824824824825,0.3993069428214477,0.23278934590245903
4.83,0.4834834834834834,0.4834834834834834,0.40029659536161705,0.23375627880132385
4.84,0.48448448448448445,0.48448448448448445,0.4012869154583059,0.2347252157061967
4.8500000000000005,0.48548548548548554,0.48548548548548554,0.4022779031115144,0.23569615661707763
4.86,0.48648648648648646,0.48648648648648646,0.40326955832124217,0.2366691015339664
4.87,0.4874874874874875,0.4874874874874875,0.40426188108748967,0.23764405045686332
4.88,0.4884884884884884,0.4884884884884884,0.40525487141025657,0.23862100338576817
4.89,0.48948948948948945,0.48948948948948945,0.40624852928954297,0.239599960320681
4.9,0.4904904904904905,0.4904904904904905,0.40724285472534894,0.24058092126160202
4.91,0.49149149149149146,0.49149149149149146,0.4082378477176743,0.24156388620853084
4.92,0.4924924924924925,0.4924924924924925,0.4092335082665193,0.24254885516146776
4.93,0.4934934934934934,0.4934934934934934,0.4102298363718837,0.24353582812041272
4.94,0.4944944944944945,0.4944944944944945,0.41122683203376775,0.24452480508536573
4.95,0.4954954954954955,0.4954954954954955,0.41222449525217114,0.2455157860563266
4.96,0.49649649649649646,0.49649649649649646,0.4132228260270941,0.24650877103329555
4.97,0.4974974974974975,0.4974974974974975,0.4142218243585366,0.2475037600162725
4.98,0.4984984984984984,0.4984984984984984,0.4152214902464986,0.2485007530052575
4.99,0.4994994994994995,0.4994994994994995,0.41622182369098015,0.24949975000025054
5.0,0.5005005005005004,0.5005005005005004,0.4172228246919811,0.2505007510012515
5.01,0.5015015015015015,0.5015015015015015,0.41822449324950156,0.2515037560082605
5.0200000000000005,0.5025025025025025,0.5025025025025025,0.4192268293635416,0.2525087650212776
5.03,0.5035035035035035,0.5035035035035035,0.4202298330341011,0.25351577804030256
5.04,0.5045045045045045,0.5045045045045045,0.42123350426118017,0.2545247950653356
5.05,0.5055055055055054,0.5055055055055054,0.4222378430447787,0.25553581609637666
5.0600000000000005,0.5065065065065065,0.5065065065065065,0.4232428493848968,0.2565488411334258
5.07,0.5075075075075075,0.5075075075075075,0.42424852328153434,0.25756387017648286
5.08,0.5085085085085085,0.5085085085085085,0.4252548647346914,0.2585809032255479
5.09,0.5095095095095095,0.5095095095095095,0.4262618737443679,0.25959994028062094
5.1000000000000005,0.5105105105105106,0.5105105105105106,0.4272695503105641,0.2606209813417021
5.11,0.5115115115115115,0.5115115115115115,0.4282778944332796,0.2616440264087912
5.12,0.5125125125125125,0.5125125125125125,0.4292869061125147,0.2626690754818883
5.13,0.5135135135135135,0.5135135135135135,0.43029658534826926,0.2636961285609934
5.14,0.5145145145145145,0.5145145145145145,0.4313069321405433,0.26472518564610653
5.15,0.5155155155155154,0.5155155155155154,0.43231794648933697,0.26575624673722775
5.16,0.5165165165165165,0.5165165165165165,0.4333296283946501,0.26678931183435683
5.17,0.5175175175175175,0.5175175175175175,0.43434197785648276,0.26782438093749406
5.18,0.5185185185185185,0.5185185185185185,0.4353549948748348,0.2688614540466392
5.19,0.5195195195195196,0.5195195195195196,0.43636867944970653,0.26990053116179247
5.2,0.5205205205205204,0.5205205205205204,0.4373830315810976,0.27094161228295366
5.21,0.5215215215215215,0.5215215215215215,0.43839805126900827,0.2719846974101228
5.22,0.5225225225225225,0.5225225225225225,0.43941373851343835,0.27302978654330007
5.23,0.5235235235235235,0.5235235235235235,0.4404300933143881,0.27407687968248534
5.24,0.5245245245245246,0.5245245245245246,0.44144711567185735,0.27512597682767853
5.25,0.5255255255255254,0.5255255255255254,0.44246480558584594,0.2761770779788798
5.26,0.5265265265265265,0.5265265265265265,0.44348316305635405,0.27723018313608905
5.2700000000000005,0.5275275275275275,0.5275275275275275,0.4445021880833818,0.2782852922993064
5.28,0.5285285285285285,0.5285285285285285,0.4455218806669291,0.2793424054685317
5.29,0.5295295295295295,0.5295295295295295,0.4465422408069957,0.2804015226437649
5.3,0.5305305305305305,0.5305305305305305,0.44756326850358197,0.2814626438250062
5.3100000000000005,0.5315315315315315,0.5315315315315315,0.4485849637566877,0.28252576901225557
5.32,0.5325325325325325,0.5325325325325325,0.4496073265663129,0.2835908982055128
5.33,0.5335335335335335,0.5335335335335335,0.45063035693245757,0.28465803140477813
5.34,0.5345345345345345,0.5345345345345345,0.45165405485512183,0.2857271686100515
5.3500000000000005,0.5355355355355356,0.5355355355355356,0.4526784203343057,0.2867983098213329
5.36,0.5365365365365365,0.5365365365365365,0.4537034533700089,0.28787145503862227
5.37,0.5375375375375375,0.5375375375375375,0.4547291539622316,0.2889466042619196
5.38,0.5385385385385385,0.5385385385385385,0.4557555221109739,0.29002375749122494
5.39,0.5395395395395395,0.5395395395395395,0.4567825578162357,0.2911029147265383
5.4,0.5405405405405405,0.5405405405405405,0.457810261078017,0.2921840759678598
5.41,0.5415415415415415,0.5415415415415415,0.4588386318963178,0.29326724121518916
5.42,0.5425425425425425,0.5425425425425425,0.45986767027113806,0.2943524104685266
5.43,0.5435435435435435,0.5435435435435435,0.46089737620247795,0.29543958372787194
5.44,0.5445445445445446,0.5445445445445446,0.4619277496903373,0.2965287609932255
5.45,0.5455455455455455,0.5455455455455455,0.462958790734716,0.2976199422645869
5.46,0.5465465465465466,0.5465465465465466,0.4639904993356143,0.29871312754195634
5.47,0.5475475475475475,0.5475475475475475,0.4650228754930322,0.2998083168253338
5.48,0.5485485485485485,0.5485485485485485,0.4660559192069696,0.3009055101147194
5.49,0.5495495495495496,0.5495495495495496,0.4670896304774265,0.30200470741011287
5.5,0.5505505505505505,0.5505505505505505,0.4681240093044028,0.3031059087115143
5.51,0.5515515515515516,0.5515515515515516,0.46915905568789856,0.3042091140189238
5.5200000000000005,0.5525525525525525,0.5525525525525525,0.47019476962791407,0.30531432333234143
5.53,0.5535535535535535,0.5535535535535535,0.4712311511244489,0.3064215366517669
5.54,0.5545545545545545,0.5545545545545545,0.4722682001775033,0.3075307539772004
5.55,0.5555555555555555,0.5555555555555555,0.47330591678707723,0.30864197530864196
5.5600000000000005,0.5565565565565566,0.5565565565565566,0.47434430095317065,0.30975520064609163
5.57,0.5575575575575575,0.5575575575575575,0.4753833526757835,0.3108704299895491
5.58,0.5585585585585585,0.5585585585585585,0.4764230719549159,0.31198766333901473
5.59,0.5595595595595595,0.5595595595595595,0.47746345879056784,0.31310690069448827
5.6000000000000005,0.5605605605605606,0.5605605605605606,0.4785045131827393,0.31422814205597
5.61,0.5615615615615616,0.5615615615615616,0.4795462351314302,0.3153513874234596
5.62,0.5625625625625625,0.5625625625625625,0.48058862463664065,0.31647663679695726
5.63,0.5635635635635635,0.5635635635635635,0.48163168169837056,0.31760389017646273
5.64,0.5645645645645645,0.5645645645645645,0.48267540631662004,0.31873314756197635
5.65,0.5655655655655656,0.5655655655655656,0.4837197984913891,0.31986440895349805
5.66,0.5665665665665666,0.5665665665665666,0.4847648582226775,0.3209976743510277
5.67,0.5675675675675675,0.5675675675675675,0.4858105855104855,0.32213294375456536
5.68,0.5685685685685685,0.5685685685685685,0.4868569803548129,0.3232702171641111
5.69,0.5695695695695696,0.5695695695695696,0.48790404275566,0.3244094945796648
5.7,0.5705705705705706,0.5705705705705706,0.4889517727130265,0.3255507760012265
5.71,0.5715715715715716,0.5715715715715716,0.4900001702269125,0.3266940614287962
5.72,0.5725725725725725,0.5725725725725725,0.4910492352973179,0.32783935086237387
5.73,0.5735735735735735,0.5735735735735735,0.49209896792424307,0.3289866443019596
5.74,0.5745745745745746,0.5745745745745746,0.49314936810768756,0.33013594174755334
5.75,0.5755755755755756,0.5755755755755756,0.4942004358476516,0.33128724319915515
5.76,0.5765765765765766,0.5765765765765766,0.49525217114413506,0.3324405486567648
5.7700000000000005,0.5775775775775776,0.5775775775775776,0.49630457399713823,0.33359585812038267
5.78,0.5785785785785785,0.5785785785785785,0.49735764440666075,0.33475317159000845
5.79,0.5795795795795795,0.5795795795795795,0.49841138237270277,0.3359124890656422
5.8,0.5805805805805806,0.5805805805805806,0.49946578789526436,0.337073810547284
5.8100000000000005,0.5815815815815817,0.5815815815815817,0.5005208609743456,0.3382371360349339
5.82,0.5825825825825826,0.5825825825825826,0.5015766016099461,0.3394024655285917
5.83,0.5835835835835835,0.5835835835835835,0.5026330098020662,0.3405697990282575
5.84,0.5845845845845845,0.5845845845845845,0.5036900855507057,0.3417391365339313
5.8500000000000005,0.5855855855855856,0.5855855855855856,0.504747828855865,0.3429104780456132
5.86,0.5865865865865866,0.5865865865865866,0.5058062397175435,0.34408382356330314
5.87,0.5875875875875876,0.5875875875875876,0.5068653181357416,0.345259173087001
5.88,0.5885885885885885,0.5885885885885885,0.5079250641104592,0.3464365266167068
5.89,0.5895895895895895,0.5895895895895895,0.5089854776416963,0.3476158841524206
5.9,0.5905905905905906,0.5905905905905906,0.510046558729453,0.3487972456941426
5.91,0.5915915915915916,0.5915915915915916,0.5111083073737293,0.3499806112418725
5.92,0.5925925925925926,0.5925925925925926,0.5121707235745249,0.35116598079561046
5.93,0.5935935935935935,0.5935935935935935,0.51323380733184,0.3523533543553563
5.94,0.5945945945945946,0.5945945945945946,0.5142975586456747,0.35354273192111035
5.95,0.5955955955955956,0.5955955955955956,0.5153619775160289,0.3547341134928723
5.96,0.5965965965965966,0.5965965965965966,0.5164270639429025,0.35592749907064225
5.97,0.5975975975975976,0.5975975975975976,0.5174928179262958,0.35712288865442016
5.98,0.5985985985985985,0.5985985985985985,0.5185592394662085,0.3583202822442062
5.99,0.5995995995995996,0.5995995995995996,0.5196263285626407,0.3595196798400002
6.0,0.6006006006006006,0.6006006006006006,0.5206940852155924,0.36072108144180215
6.01,0.6016016016016016,0.6016016016016016,0.5217625094250636,0.3619244870496122
6.0200000000000005,0.6026026026026026,0.6026026026026026,0.5228316011910543,0.3631298966634304
6.03,0.6036036036036035,0.6036036036036035,0.5239013605135646,0.3643373102832562
6.04,0.6046046046046045,0.6046046046046045,0.5249717873925943,0.36554672790909026
6.05,0.6056056056056056,0.6056056056056056,0.5260428818281435,0.36675814954093233
6.0600000000000005,0.6066066066066067,0.6066066066066067,0.5271146438202124,0.3679715751787824
6.07,0.6076076076076076,0.6076076076076076,0.5281870733688007,0.3691870048226405
6.08,0.6086086086086085,0.6086086086086085,0.5292601704739084,0.37040443847250654
6.09,0.6096096096096095,0.6096096096096095,0.5303339351355357,0.3716238761283806
6.1000000000000005,0.6106106106106106,0.6106106106106106,0.5314083673536826,0.3728453177902628
6.11,0.6116116116116116,0.6116116116116116,0.5324834671283488,0.3740687634581529
6.12,0.6126126126126126,0.6126126126126126,0.5335592344595346,0.37529421313205097
6.13,0.6136136136136136,0.6136136136136136,0.5346356693472398,0.3765216668119571
6.140000000000001,0.6146146146146146,0.6146146146146146,0.5357127717914647,0.37775112449787124
6.15,0.6156156156156156,0.6156156156156156,0.536790541792209,0.3789825861897934
6.16,0.6166166166166166,0.6166166166166166,0.5378689793494729,0.38021605188772356
6.17,0.6176176176176176,0.6176176176176176,0.5389480844632563,0.38145152159166174
6.18,0.6186186186186186,0.6186186186186186,0.5400278571335589,0.3826889953016079
6.19,0.6196196196196196,0.6196196196196196,0.5411082973603815,0.38392847301756217
6.2,0.6206206206206206,0.6206206206206206,0.5421894051437233,0.3851699547395243
6.21,0.6216216216216216,0.6216216216216216,0.5432711804835846,0.38641344046749454
6.22,0.6226226226226226,0.6226226226226226,0.5443536233799654,0.38765893020147274
6.23,0.6236236236236236,0.6236236236236236,0.545436733832866,0.3889064239414591
6.24,0.6246246246246246,0.6246246246246246,0.5465205118422858,0.3901559216874532
6.25,0.6256256256256256,0.6256256256256256,0.5476049574082251,0.3914074234394555
6.26,0.6266266266266266,0.6266266266266266,0.5486900705306841,0.3926609291974657
6.2700000000000005,0.6276276276276276,0.6276276276276276,0.5497758512096625,0.3939164389614841
6.28,0.6286286286286286,0.6286286286286286,0.5508622994451605,0.3951739527315103
6.29,0.6296296296296295,0.6296296296296295,0.5519494152371779,0.3964334705075446
6.3,0.6306306306306306,0.6306306306306306,0.5530371985857148,0.3976949922895869
6.3100000000000005,0.6316316316316317,0.6316316316316317,0.5541256494907713,0.39895851807763727
6.32,0.6326326326326326,0.6326326326326326,0.5552147679523471,0.40022404787169563
6.33,0.6336336336336336,0.6336336336336336,0.5563045539704427,0.4014915816717619
6.34,0.6346346346346345,0.6346346346346345,0.5573950075450576,0.4027611194778362
6.3500000000000005,0.6356356356356356,0.6356356356356356,0.5584861286761921,0.4040326612899186
6.36,0.6366366366366366,0.6366366366366366,0.5595779173638461,0.4053062071080089
6.37,0.6376376376376376,0.6376376376376376,0.5606703736080195,0.4065817569321073
6.38,0.6386386386386386,0.6386386386386386,0.5617634974087125,0.40785931076221366
6.390000000000001,0.6396396396396397,0.6396396396396397,0.562857288765925,0.4091388685983281
6.4,0.6406406406406406,0.6406406406406406,0.5639517476796571,0.41042043044045057
6.41,0.6416416416416415,0.6416416416416415,0.5650468741499085,0.41170399628858084
6.42,0.6426426426426426,0.6426426426426426,0.5661426681766795,0.4129895661427193
6.43,0.6436436436436436,0.6436436436436436,0.56723912975997,0.41427714000286575
6.44,0.6446446446446447,0.6446446446446447,0.5683362588997801,0.41556671786902016
6.45,0.6456456456456456,0.6456456456456456,0.5694340555961096,0.4168582997411826
6.46,0.6466466466466465,0.6466466466466465,0.5705325198489587,0.41815188561935307
6.47,0.6476476476476476,0.6476476476476476,0.5716316516583272,0.41944747550353156
6.48,0.6486486486486487,0.6486486486486487,0.5727314510242154,0.4207450693937182
6.49,0.6496496496496497,0.6496496496496497,0.5738319179466229,0.4220446672899126
6.5,0.6506506506506506,0.6506506506506506,0.5749330524255499,0.42334626919211504
6.51,0.6516516516516515,0.6516516516516515,0.5760348544609964,0.42464987510032554
6.5200000000000005,0.6526526526526526,0.6526526526526526,0.5771373240529626,0.42595548501454406
6.53,0.6536536536536536,0.6536536536536536,0.5782404612014482,0.4272630989347706
6.54,0.6546546546546547,0.6546546546546547,0.5793442659064534,0.4285727168610052
6.55,0.6556556556556556,0.6556556556556556,0.5804487381679779,0.42988433879324767
6.5600000000000005,0.6566566566566567,0.6566566566566567,0.5815538779860221,0.43119796473149835
6.57,0.6576576576576576,0.6576576576576576,0.5826596853605858,0.43251359467575684
6.58,0.6586586586586586,0.6586586586586586,0.5837661602916688,0.4338312286260234
6.59,0.6596596596596597,0.6596596596596597,0.5848733027792715,0.435150866582298
6.6000000000000005,0.6606606606606606,0.6606606606606606,0.5859811128233936,0.4364725085445807
6.61,0.6616616616616617,0.6616616616616617,0.5870895904240353,0.43779615451287124
6.62,0.6626626626626626,0.6626626626626626,0.5881987355811964,0.43912180448716986
6.63,0.6636636636636636,0.6636636636636636,0.589308548294877,0.4404494584674765
6.640000000000001,0.6646646646646647,0.6646646646646647,0.5904190285650773,0.4417791164537912
6.65,0.6656656656656657,0.6656656656656657,0.591530176391797,0.4431107784461138
6.66,0.6666666666666665,0.6666666666666665,0.5926419917750361,0.4444444444444444
6.67,0.6676676676676676,0.6676676676676676,0.5937544747147948,0.4457801144487831
6.68,0.6686686686686686,0.6686686686686686,0.5948676252110731,0.4471177884591298
6.69,0.6696696696696697,0.6696696696696697,0.5959814432638708,0.44845746647548446
6.7,0.6706706706706707,0.6706706706706707,0.597095928873188,0.4497991484978472
6.71,0.6716716716716715,0.6716716716716715,0.5982110820390246,0.4511428345262179
6.72,0.6726726726726726,0.6726726726726726,0.5993269027613809,0.4524885245605966
6.73,0.6736736736736737,0.6736736736736737,0.6004433910402568,0.45383621860098333
6.74,0.6746746746746747,0.6746746746746747,0.6015605468756519,0.4551859166473782
6.75,0.6756756756756757,0.6756756756756757,0.6026783702675667,0.4565376186997809
6.76,0.6766766766766766,0.6766766766766766,0.603796861216001,0.4578913247581916
6.7700000000000005,0.6776776776776776,0.6776776776776776,0.6049160197209547,0.4592470348226105
6.78,0.6786786786786786,0.6786786786786786,0.606035845782428,0.4606047488930372
6.79,0.6796796796796797,0.6796796796796797,0.6071563394004208,0.461964466969472
6.8,0.6806806806806807,0.6806806806806807,0.6082775005749331,0.46332618905191475
6.8100000000000005,0.6816816816816818,0.6816816816816818,0.6093993293059649,0.4646899151403657
6.82,0.6826826826826826,0.6826826826826826,0.6105218255935161,0.4660556452348245
6.83,0.6836836836836836,0.6836836836836836,0.6116449894375869,0.4674233793352912
6.84,0.6846846846846847,0.6846846846846847,0.6127688208381773,0.4687931174417661
6.8500000000000005,0.6856856856856857,0.6856856856856857,0.6138933197952872,0.470164859554249
6.86,0.6866866866866868,0.6866866866866868,0.6150184863089165,0.4715386056727398
6.87,0.6876876876876877,0.6876876876876877,0.6161443203790653,0.4729143557972387
6.88,0.6886886886886886,0.6886886886886886,0.6172708220057337,0.47429210992774556
6.890000000000001,0.6896896896896897,0.6896896896896897,0.6183979911889215,0.47567186806426054
6.9,0.6906906906906907,0.6906906906906907,0.6195258279286289,0.47705363020678343
6.91,0.6916916916916916,0.6916916916916916,0.6206543322248558,0.4784373963553143
6.92,0.6926926926926927,0.6926926926926927,0.6217835040776021,0.4798231665098532
6.93,0.6936936936936936,0.6936936936936936,0.622913343486868,0.48121094067040016
6.94,0.6946946946946947,0.6946946946946947,0.6240438504526534,0.4826007188369551
6.95,0.6956956956956957,0.6956956956956957,0.6251750249749584,0.483992501009518
6.96,0.6966966966966966,0.6966966966966966,0.6263068670537827,0.485386287188089
6.97,0.6976976976976977,0.6976976976976977,0.6274393766891265,0.486782077372668
6.98,0.6986986986986988,0.6986986986986988,0.6285725538809901,0.48817987156325504
6.99,0.6996996996996997,0.6996996996996997,0.6297063986293729,0.48957966975984996
7.0,0.7007007007007007,0.7007007007007007,0.6308409109342754,0.49098147196245295
7.01,0.7017017017017017,0.7017017017017017,0.6319760907956974,0.492385278171064
7.0200000000000005,0.7027027027027027,0.7027027027027027,0.6331119382136388,0.4937910883856831
7.03,0.7037037037037036,0.7037037037037036,0.6342484531880997,0.4951989026063101
7.04,0.7047047047047047,0.7047047047047047,0.6353856357190802,0.49660872083294505
7.05,0.7057057057057057,0.7057057057057057,0.6365234858065801,0.4980205430655881
7.0600000000000005,0.7067067067067068,0.7067067067067068,0.6376620034505996,0.4994343693042393
7.07,0.7077077077077077,0.7077077077077077,0.6388011886511386,0.5008501995488982
7.08,0.7087087087087086,0.7087087087087086,0.6399410414081972,0.5022680337995653
7.09,0.7097097097097097,0.7097097097097097,0.6410815617217751,0.5036878720562404
7.1000000000000005,0.7107107107107107,0.7107107107107107,0.6422227495918726,0.5051097143189237
7.11,0.7117117117117118,0.7117117117117118,0.6433646050184897,0.5065335605876147
7.12,0.7127127127127127,0.7127127127127127,0.6445071280016262,0.5079594108623138
7.13,0.7137137137137136,0.7137137137137136,0.6456503185412822,0.5093872651430209
7.140000000000001,0.7147147147147147,0.7147147147147147,0.6467941766374576,0.5108171234297361
7.15,0.7157157157157157,0.7157157157157157,0.6479387022901528,0.5122489857224592
7.16,0.7167167167167167,0.7167167167167167,0.6490838954993673,0.5136828520211904
7.17,0.7177177177177178,0.7177177177177178,0.6502297562651014,0.5151187223259296
7.18,0.7187187187187186,0.7187187187187186,0.651376284587355,0.5165565966366767
7.19,0.7197197197197197,0.7197197197197197,0.6525234804661281,0.517996474953432
7.2,0.7207207207207207,0.7207207207207207,0.6536713439014206,0.5194383572761953
7.21,0.7217217217217217,0.7217217217217217,0.6548198748932327,0.5208822436049664
7.22,0.7227227227227228,0.7227227227227228,0.6559690734415643,0.5223281339397455
7.23,0.7237237237237238,0.7237237237237238,0.6571189395464153,0.5237760282805328
7.24,0.7247247247247247,0.7247247247247247,0.658269473207786,0.525225926627328
7.25,0.7257257257257257,0.7257257257257257,0.6594206744256761,0.5266778289801313
7.26,0.7267267267267267,0.7267267267267267,0.6605725432000857,0.5281317353389425
7.27,0.7277277277277278,0.7277277277277278,0.6617250795310149,0.5295876457037618
7.28,0.7287287287287286,0.7287287287287286,0.6628782834184634,0.5310455600745891
7.29,0.7297297297297297,0.7297297297297297,0.6640321548624316,0.5325054784514245
7.3,0.7307307307307307,0.7307307307307307,0.6651866938629193,0.5339674008342676
7.31,0.7317317317317318,0.7317317317317318,0.6663419004199265,0.5354313272231191
7.32,0.7327327327327328,0.7327327327327328,0.6674977745334532,0.5368972576179785
7.33,0.7337337337337336,0.7337337337337336,0.6686543162034992,0.5383651920188457
7.34,0.7347347347347347,0.7347347347347347,0.669811525430065,0.539835130425721
7.35,0.7357357357357357,0.7357357357357357,0.6709694022131502,0.5413070728386046
7.36,0.7367367367367368,0.7367367367367368,0.6721279465527548,0.5427810192574958
7.37,0.7377377377377378,0.7377377377377378,0.6732871584488791,0.5442569696823952
7.38,0.7387387387387386,0.7387387387387386,0.6744470379015227,0.5457349241133025
7.390000000000001,0.7397397397397397,0.7397397397397397,0.675607584910686,0.547214882550218
7.4,0.7407407407407407,0.7407407407407407,0.6767687994763686,0.5486968449931413
7.41,0.7417417417417417,0.7417417417417417,0.677930681598571,0.5501808114420728
7.42,0.7427427427427428,0.7427427427427428,0.6790932312772926,0.5516667818970121
7.43,0.7437437437437436,0.7437437437437436,0.6802564485125339,0.5531547563579595
7.44,0.7447447447447447,0.7447447447447447,0.6814203333042946,0.554644734824915
7.45,0.7457457457457457,0.7457457457457457,0.6825848856525749,0.5561367172978786
7.46,0.7467467467467467,0.7467467467467467,0.6837501055573746,0.55763070377685
7.47,0.7477477477477478,0.7477477477477478,0.6849159930186939,0.5591266942618294
7.48,0.7487487487487489,0.7487487487487489,0.6860825480365327,0.560624688752817
7.49,0.7497497497497497,0.7497497497497497,0.687249770610891,0.5621246872498125
7.5,0.7507507507507507,0.7507507507507507,0.6884176607417688,0.5636266897528159
7.51,0.7517517517517517,0.7517517517517517,0.6895862184291661,0.5651306962618274
7.52,0.7527527527527528,0.7527527527527528,0.690755443673083,0.5666367067768471
7.53,0.7537537537537536,0.7537537537537536,0.6919253364735193,0.5681447212978745
7.54,0.7547547547547547,0.7547547547547547,0.693095896830475,0.56965473982491
7.55,0.7557557557557557,0.7557557557557557,0.6942671247439504,0.5711667623579535
7.56,0.7567567567567568,0.7567567567567568,0.6954390202139452,0.5726807888970051
7.57,0.7577577577577578,0.7577577577577578,0.6966115832404596,0.5741968194420647
7.58,0.7587587587587586,0.7587587587587586,0.6977848138234933,0.5757148539931324
7.59,0.7597597597597597,0.7597597597597597,0.6989587119630467,0.5772348925502079
7.6,0.7607607607607607,0.7607607607607607,0.7001332776591196,0.5787569351132915
7.61,0.7617617617617618,0.7617617617617618,0.701308510911712,0.5802809816823831
7.62,0.7627627627627628,0.7627627627627628,0.7024844117208239,0.5818070322574828
7.63,0.7637637637637636,0.7637637637637636,0.7036609800864553,0.5833350868385904
7.640000000000001,0.7647647647647647,0.7647647647647647,0.7048382160086062,0.584865145425706
7.65,0.7657657657657657,0.7657657657657657,0.7060161194872766,0.5863972080188298
7.66,0.7667667667667667,0.7667667667667667,0.7071946905224664,0.5879312746179614
7.67,0.7677677677677678,0.7677677677677678,0.7083739291141758,0.589467345223101
7.68,0.7687687687687687,0.7687687687687687,0.7095538352624048,0.5910054198342486
7.69,0.7697697697697697,0.7697697697697697,0.7107344089671532,0.5925454984514045
7.7,0.7707707707707707,0.7707707707707707,0.7119156502284212,0.5940875810745682
7.71,0.7717717717717717,0.7717717717717717,0.7130975590462086,0.5956316677037399
7.72,0.7727727727727728,0.7727727727727728,0.7142801354205156,0.5971777583389195
7.73,0.7737737737737739,0.7737737737737739,0.7154633793513421,0.5987258529801073
7.74,0.7747747747747747,0.7747747747747747,0.7166472908386881,0.600275951627303
7.75,0.7757757757757757,0.7757757757757757,0.7178318698825534,0.6018280542805068
7.76,0.7767767767767767,0.7767767767767767,0.7190171164829384,0.6033821609397185
7.77,0.7777777777777778,0.7777777777777778,0.7202030306398429,0.6049382716049383
7.78,0.7787787787787787,0.7787787787787787,0.7213896123532669,0.6064963862761662
7.79,0.7797797797797797,0.7797797797797797,0.7225768616232104,0.6080565049534019
7.8,0.7807807807807807,0.7807807807807807,0.7237647784496735,0.6096186276366456
7.81,0.7817817817817818,0.7817817817817818,0.724953362832656,0.6111827543258975
7.82,0.7827827827827828,0.7827827827827828,0.726142614772158,0.6127488850211574
7.83,0.7837837837837837,0.7837837837837837,0.7273325342681795,0.6143170197224253
7.84,0.7847847847847848,0.7847847847847848,0.7285231213207205,0.615887158429701
7.85,0.7857857857857857,0.7857857857857857,0.7297143759297811,0.617459301142985
7.86,0.7867867867867868,0.7867867867867868,0.7309062980953611,0.6190334478622768
7.87,0.7877877877877878,0.7877877877877878,0.7320988878174607,0.6206095985875766
7.88,0.7887887887887887,0.7887887887887887,0.7332921450960798,0.6221877533188844
7.890000000000001,0.7897897897897898,0.7897897897897898,0.7344860699312183,0.6237679120562004
7.9,0.7907907907907907,0.7907907907907907,0.7356806623228764,0.6253500747995243
7.91,0.7917917917917917,0.7917917917917917,0.736875922271054,0.6269342415488562
7.92,0.7927927927927928,0.7927927927927928,0.738071849775751,0.6285204123041961
7.930000000000001,0.7937937937937939,0.7937937937937939,0.7392684448369679,0.6301085870655441
7.94,0.7947947947947948,0.7947947947947948,0.7404657074547039,0.6316987658329
7.95,0.7957957957957957,0.7957957957957957,0.7416636376289594,0.6332909486062639
7.96,0.7967967967967967,0.7967967967967967,0.7428622353597345,0.6348851353856358
7.97,0.7977977977977978,0.7977977977977978,0.7440615006470291,0.6364813261710158
7.98,0.7987987987987989,0.7987987987987989,0.7452614334908434,0.638079520962404
7.99,0.7997997997997998,0.7997997997997998,0.7464620338911769,0.6396797197597999
8.0,0.8008008008008007,0.8008008008008007,0.7476633018480301,0.6412819225632038
8.01,0.8018018018018017,0.8018018018018017,0.7488652373614028,0.6428861293726159
8.02,0.8028028028028027,0.8028028028028027,0.7500678404312949,0.6444923401880358
8.03,0.8038038038038038,0.8038038038038038,0.7512711110577066,0.646100555009464
8.040000000000001,0.8048048048048048,0.8048048048048048,0.7524750492406378,0.6477107738369001
8.05,0.8058058058058057,0.8058058058058057,0.7536796549800885,0.6493229966703441
8.06,0.8068068068068068,0.8068068068068068,0.7548849282760588,0.6509372235097963
8.07,0.8078078078078078,0.8078078078078078,0.7560908691285484,0.6525534543552564
8.08,0.8088088088088088,0.8088088088088088,0.7572974775375576,0.6541716892067243
8.09,0.8098098098098098,0.8098098098098098,0.7585047535030862,0.6557919280642004
8.1,0.8108108108108107,0.8108108108108107,0.7597126970251346,0.6574141709276845
8.11,0.8118118118118117,0.8118118118118117,0.7609213081037023,0.6590384177971765
8.120000000000001,0.8128128128128129,0.8128128128128129,0.7621305867387896,0.6606646686726767
8.13,0.8138138138138139,0.8138138138138139,0.7633405329303963,0.662292923554185
8.14,0.8148148148148149,0.8148148148148149,0.7645511466785224,0.663923182441701
8.15,0.8158158158158157,0.8158158158158157,0.7657624279831683,0.6655554453352251
8.16,0.8168168168168167,0.8168168168168167,0.7669743768443334,0.6671897122347573
8.17,0.8178178178178178,0.8178178178178178,0.7681869932620182,0.6688259831402975
8.18,0.8188188188188188,0.8188188188188188,0.7694002772362226,0.6704642580518456
8.19,0.8198198198198197,0.8198198198198197,0.7706142287669464,0.6721045369694019
8.2,0.8208208208208208,0.8208208208208208,0.7718288478541897,0.673746819892966
8.21,0.8218218218218218,0.8218218218218218,0.7730441344979524,0.6753911068225384
8.22,0.8228228228228228,0.8228228228228228,0.7742600886982348,0.6770373977581186
8.23,0.8238238238238239,0.8238238238238239,0.7754767104550365,0.6786856926997067
8.24,0.8248248248248249,0.8248248248248249,0.7766939997683578,0.680335991647303
8.25,0.8258258258258258,0.8258258258258258,0.7779119566381987,0.6819882946009073
8.26,0.8268268268268267,0.8268268268268267,0.7791305810645591,0.6836426015605195
8.27,0.8278278278278277,0.8278278278278277,0.780349873047439,0.6852989125261397
8.28,0.8288288288288288,0.8288288288288288,0.7815698325868382,0.686957227497768
8.290000000000001,0.8298298298298299,0.8298298298298299,0.7827904596827572,0.6886175464754045
8.3,0.8308308308308308,0.8308308308308308,0.7840117543351954,0.6902798694590487
8.31,0.8318318318318318,0.8318318318318318,0.7852337165441534,0.6919441964487011
8.32,0.8328328328328328,0.8328328328328328,0.7864563463096308,0.6936105274443614
8.33,0.8338338338338338,0.8338338338338338,0.7876796436316277,0.6952788624460298
8.34,0.8348348348348349,0.8348348348348349,0.7889036085101441,0.696949201453706
8.35,0.8358358358358358,0.8358358358358358,0.79012824094518,0.6986215444673902
8.36,0.8368368368368367,0.8368368368368367,0.7913535409367353,0.7002958914870825
8.370000000000001,0.8378378378378379,0.8378378378378379,0.7925795084848104,0.7019722425127832
8.38,0.8388388388388389,0.8388388388388389,0.7938061435894047,0.7036505975444916
8.39,0.8398398398398399,0.8398398398398399,0.7950334462505187,0.705330956582208
8.4,0.8408408408408408,0.8408408408408408,0.7962614164681521,0.7070133196259323
8.41,0.8418418418418417,0.8418418418418417,0.797490054242305,0.7086976866756646
8.42,0.8428428428428428,0.8428428428428428,0.7987193595729775,0.7103840577314051
8.43,0.8438438438438438,0.8438438438438438,0.7999493324601694,0.7120724327931535
8.44,0.8448448448448447,0.8448448448448447,0.8011799729038809,0.71376281186091
8.45,0.8458458458458458,0.8458458458458458,0.8024112809041118,0.7154551949346742
8.46,0.8468468468468469,0.8468468468468469,0.8036432564608624,0.717149582014447
8.47,0.8478478478478478,0.8478478478478478,0.8048758995741323,0.7188459731002275
8.48,0.8488488488488489,0.8488488488488489,0.8061092102439219,0.720544368192016
8.49,0.8498498498498499,0.8498498498498499,0.8073431884702308,0.7222447672898124
8.5,0.8508508508508508,0.8508508508508508,0.8085778342530593,0.7239471703936169
8.51,0.8518518518518517,0.8518518518518517,0.8098131475924074,0.7256515775034293
8.52,0.8528528528528527,0.8528528528528527,0.8110491284882747,0.7273579886192499
8.53,0.8538538538538538,0.8538538538538538,0.8122857769406618,0.7290664037410785
8.540000000000001,0.8548548548548549,0.8548548548548549,0.8135230929495684,0.7307768228689151
8.55,0.8558558558558558,0.8558558558558558,0.8147610765149945,0.7324892460027598
8.56,0.8568568568568569,0.8568568568568569,0.8159997276369402,0.734203673142612
8.57,0.8578578578578578,0.8578578578578578,0.8172390463154051,0.7359201042884727
8.58,0.8588588588588588,0.8588588588588588,0.8184790325503897,0.7376385394403413
8.59,0.8598598598598599,0.8598598598598599,0.8197196863418937,0.7393589785982179
8.6,0.8608608608608608,0.8608608608608608,0.8209610076899173,0.7410814217621025
8.61,0.8618618618618618,0.8618618618618618,0.8222029965944603,0.7428058689319951
8.620000000000001,0.862862862862863,0.862862862862863,0.8234456530555232,0.7445323201078959
8.63,0.8638638638638639,0.8638638638638639,0.8246889770731051,0.7462607752898045
8.64,0.8648648648648649,0.8648648648648649,0.8259329686472069,0.7479912344777212
8.65,0.8658658658658658,0.8658658658658658,0.8271776277778278,0.7497236976716457
8.66,0.8668668668668668,0.8668668668668668,0.8284229544649685,0.7514581648715783
8.67,0.8678678678678678,0.8678678678678678,0.8296689487086286,0.7531946360775189
8.68,0.8688688688688688,0.8688688688688688,0.8309156105088082,0.7549331112894676
8.69,0.8698698698698697,0.8698698698698697,0.8321629398655074,0.7566735905074243
8.700000000000001,0.870870870870871,0.870870870870871,0.8334109367787264,0.7584160737313893
8.71,0.8718718718718719,0.8718718718718719,0.8346596012484645,0.760160560961362
8.72,0.8728728728728729,0.8728728728728729,0.8359089332747219,0.7619070521973427
8.73,0.8738738738738739,0.8738738738738739,0.8371589328574991,0.7636555474393313
8.74,0.8748748748748749,0.8748748748748749,0.8384095999967959,0.7654060466873281
8.75,0.8758758758758758,0.8758758758758758,0.8396609346926119,0.7671585499413327
8.76,0.8768768768768768,0.8768768768768768,0.8409129369449476,0.7689130572013455
8.77,0.8778778778778777,0.8778778778778777,0.8421656067538027,0.7706695684673663
8.78,0.8788788788788788,0.8788788788788788,0.8434189441191775,0.7724280837393951
8.790000000000001,0.8798798798798799,0.8798798798798799,0.8446729490410717,0.7741886030174319
8.8,0.8808808808808808,0.8808808808808808,0.8459276215194855,0.7759511263014769
8.81,0.8818818818818819,0.8818818818818819,0.8471829615544187,0.7777156535915294
8.82,0.8828828828828829,0.8828828828828829,0.8484389691458715,0.7794821848875902
8.83,0.8838838838838838,0.8838838838838838,0.8496956442938437,0.7812507201896591
8.84,0.8848848848848849,0.8848848848848849,0.8509529869983355,0.783021259497736
8.85,0.8858858858858858,0.8858858858858858,0.8522109972593467,0.7847938028118209
8.86,0.8868868868868868,0.8868868868868868,0.8534696750768775,0.7865683501319136
8.870000000000001,0.887887887887888,0.887887887887888,0.8547290204509278,0.7883449014580148
8.88,0.888888888888889,0.888888888888889,0.8559890333814976,0.7901234567901236
8.89,0.8898898898898899,0.8898898898898899,0.857249713868587,0.7919040161282405
8.9,0.8908908908908908,0.8908908908908908,0.8585110619121957,0.7936865794723654
8.91,0.8918918918918918,0.8918918918918918,0.8597730775123239,0.7954711468224982
8.92,0.8928928928928929,0.8928928928928929,0.8610357606689718,0.7972577181786391
8.93,0.8938938938938938,0.8938938938938938,0.8622991113821391,0.799046293540788
8.94,0.8948948948948947,0.8948948948948947,0.8635631296518258,0.800836872908945
8.950000000000001,0.895895895895896,0.895895895895896,0.8648278154780324,0.8026294562831101
8.96,0.8968968968968969,0.8968968968968969,0.8660931688607582,0.804424043663283
8.97,0.8978978978978979,0.8978978978978979,0.8673591898000035,0.8062206350494641
8.98,0.898898898898899,0.898898898898899,0.8686258782957683,0.808019230441653
8.99,0.8998998998998999,0.8998998998998999,0.8698932343480528,0.80981982983985
9.0,0.9009009009009008,0.9009009009009008,0.8711612579568565,0.8116224332440549
9.01,0.9019019019019018,0.9019019019019018,0.87242994912218,0.813427040654268
9.02,0.9029029029029029,0.9029029029029029,0.8736993078440227,0.8152336520704889
9.03,0.9039039039039038,0.9039039039039038,0.8749693341223851,0.8170422674927179
9.04,0.9049049049049049,0.9049049049049049,0.8762400279572672,0.8188528869209553
9.05,0.9059059059059058,0.9059059059059058,0.8775113893486686,0.8206655103552003
9.06,0.9069069069069068,0.9069069069069068,0.8787834182965895,0.8224801377954531
9.07,0.9079079079079079,0.9079079079079079,0.8800561148010297,0.8242967692417144
9.08,0.9089089089089089,0.9089089089089089,0.8813294788619898,0.8261154046939834
9.09,0.9099099099099099,0.9099099099099099,0.8826035104794691,0.8279360441522603
9.1,0.9109109109109108,0.9109109109109108,0.8838782096534681,0.8297586876165455
9.11,0.9119119119119118,0.9119119119119118,0.8851535763839865,0.8315833350868387
9.12,0.912912912912913,0.912912912912913,0.8864296106710248,0.8334099865631399
9.13,0.9139139139139139,0.9139139139139139,0.887706312514582,0.8352386420454488
9.14,0.914914914914915,0.914914914914915,0.8889836819146589,0.837069301533766
9.15,0.9159159159159158,0.9159159159159158,0.8902617188712555,0.8389019650280913
9.16,0.9169169169169168,0.9169169169169168,0.8915404233843713,0.8407366325284243
9.17,0.9179179179179179,0.9179179179179179,0.8928197954540069,0.8425733040347655
9.18,0.9189189189189189,0.9189189189189189,0.894099835080162,0.8444119795471148
9.19,0.91991991991992,0.91991991991992,0.8953805422628361,0.846252659065472
9.2,0.9209209209209208,0.9209209209209208,0.8966619170020306,0.8480953425898373
9.21,0.9219219219219218,0.9219219219219218,0.897943959297744,0.8499400301202106
9.22,0.9229229229229229,0.9229229229229229,0.8992266691499768,0.8517867216565915
9.23,0.9239239239239239,0.9239239239239239,0.9005100465587296,0.8536354171989807
9.24,0.924924924924925,0.924924924924925,0.9017940915240015,0.855486116747378
9.25,0.9259259259259258,0.9259259259259258,0.9030788040457931,0.8573388203017833
9.26,0.9269269269269268,0.9269269269269268,0.904364184124104,0.8591935278621966
9.27,0.9279279279279279,0.9279279279279279,0.9056502317589347,0.8610502394286178
9.28,0.9289289289289289,0.9289289289289289,0.9069369469502847,0.862908955001047
9.29,0.92992992992993,0.92992992992993,0.9082243296981544,0.8647696745794846
9.3,0.9309309309309309,0.9309309309309309,0.9095123800025434,0.8666323981639299
9.31,0.9319319319319318,0.9319319319319318,0.910801097863452,0.868497125754383
9.32,0.9329329329329329,0.9329329329329329,0.9120904832808802,0.8703638573508444
9.33,0.9339339339339339,0.9339339339339339,0.9133805362548277,0.8722325929533137
9.34,0.934934934934935,0.934934934934935,0.9146712567852948,0.8741033325617911
9.35,0.9359359359359359,0.9359359359359359,0.9159626448722815,0.8759760761762764
9.36,0.9369369369369368,0.9369369369369368,0.9172547005157875,0.8778508237967698
9.37,0.937937937937938,0.937937937937938,0.9185474237158133,0.8797275754232714
9.38,0.9389389389389389,0.9389389389389389,0.9198408144723584,0.8816063310557806
9.39,0.93993993993994,0.93993993993994,0.921134872785423,0.8834870906942981
9.4,0.9409409409409409,0.9409409409409409,0.9224295986550072,0.8853698543388234
9.41,0.9419419419419418,0.9419419419419418,0.9237249920811109,0.8872546219893568
9.42,0.9429429429429429,0.9429429429429429,0.925021053063734,0.8891413936458982
9.43,0.9439439439439439,0.9439439439439439,0.9263177816028767,0.8910301693084476
9.44,0.944944944944945,0.944944944944945,0.9276151776985387,0.892920948977005
9.45,0.9459459459459459,0.9459459459459459,0.9289132413507207,0.8948137326515707
9.46,0.9469469469469468,0.9469469469469468,0.9302119725594221,0.8967085203321441
9.47,0.9479479479479479,0.9479479479479479,0.9315113713246426,0.8986053120187254
9.48,0.9489489489489489,0.9489489489489489,0.9328114376463827,0.9005041077113148
9.49,0.94994994994995,0.94994994994995,0.9341121715246423,0.9024049074099125
9.5,0.950950950950951,0.950950950950951,0.9354135729594216,0.9043077111145179
9.51,0.9519519519519518,0.9519519519519518,0.9367156419507202,0.9062125188251314
9.52,0.9529529529529529,0.9529529529529529,0.9380183784985385,0.908119330541753
9.53,0.9539539539539539,0.9539539539539539,0.9393217826028761,0.9100281462643824
9.54,0.954954954954955,0.954954954954955,0.9406258542637336,0.9119389659930203
9.55,0.955955955955956,0.955955955955956,0.9419305934811103,0.9138517897276658
9.56,0.9569569569569568,0.9569569569569568,0.9432360002550068,0.9157666174683192
9.57,0.9579579579579579,0.9579579579579579,0.9445420745854225,0.9176834492149808
9.58,0.9589589589589589,0.9589589589589589,0.9458488164723576,0.9196022849676504
9.59,0.95995995995996,0.95995995995996,0.9471562259158125,0.921523124726328
9.6,0.960960960960961,0.960960960960961,0.9484643029157867,0.9234459684910136
9.61,0.9619619619619618,0.9619619619619618,0.9497730474722805,0.9253708162617071
9.62,0.9629629629629631,0.9629629629629631,0.9510824595852941,0.927297668038409
9.63,0.9639639639639639,0.9639639639639639,0.9523925392548267,0.9292265238211186
9.64,0.964964964964965,0.964964964964965,0.953703286480879,0.9311573836098361
9.65,0.965965965965966,0.965965965965966,0.9550147012634509,0.9330902474045618
9.66,0.9669669669669668,0.9669669669669668,0.9563267836025422,0.9350251152052954
9.67,0.9679679679679679,0.9679679679679679,0.9576395334981531,0.9369619870120371
9.68,0.9689689689689689,0.9689689689689689,0.9589529509502833,0.9389008628247868
9.69,0.96996996996997,0.96996996996997,0.9602670359589333,0.9408417426435445
9.7,0.970970970970971,0.970970970970971,0.9615817885241027,0.9427846264683104
9.71,0.9719719719719718,0.9719719719719718,0.9628972086457915,0.9447295142990841
9.72,0.9729729729729729,0.9729729729729729,0.9642132963239999,0.9466764061358657
9.73,0.9739739739739739,0.9739739739739739,0.965530051558728,0.9486253019786555
9.74,0.974974974974975,0.974974974974975,0.9668474743499752,0.9505762018274533
9.75,0.975975975975976,0.975975975975976,0.9681655646977421,0.9525291056822589
9.76,0.9769769769769768,0.9769769769769768,0.9694843226020283,0.9544840135430727
9.77,0.9779779779779779,0.9779779779779779,0.9708037480628343,0.9564409254098944
9.78,0.9789789789789789,0.9789789789789789,0.9721238410801597,0.958399841282724
9.79,0.97997997997998,0.97997997997998,0.9734446016540049,0.9603607611615621
9.8,0.980980980980981,0.980980980980981,0.9747660297843693,0.962323685046408
9.81,0.9819819819819818,0.9819819819819818,0.9760881254712532,0.9642886129372618
9.82,0.9829829829829829,0.9829829829829829,0.9774108887146566,0.9662555448341233
9.83,0.9839839839839839,0.9839839839839839,0.9787343195145797,0.9682244807369933
9.84,0.984984984984985,0.984984984984985,0.9800584178710221,0.970195420645871
9.85,0.985985985985986,0.985985985985986,0.981383183783984,0.972168364560757
9.86,0.9869869869869868,0.9869869869869868,0.9827086172534654,0.9741433124816509
9.87,0.9879879879879881,0.9879879879879881,0.9840347182794666,0.976120264408553
9.88,0.9889889889889889,0.9889889889889889,0.9853614868619872,0.9780992203414628
9.89,0.98998998998999,0.98998998998999,0.9866889230010272,0.9800801802803807
9.9,0.990990990990991,0.990990990990991,0.9880170266965865,0.9820631442253064
9.91,0.9919919919919918,0.9919919919919918,0.9893457979486655,0.9840481121762403
9.92,0.9929929929929929,0.9929929929929929,0.9906752367572641,0.9860350841331822
9.93,0.9939939939939939,0.9939939939939939,0.9920053431223822,0.9880240600961322
9.94,0.994994994994995,0.994994994994995,0.9933361170440196,0.99001504006509
9.95,0.995995995995996,0.995995995995996,0.9946675585221769,0.9920080240400564
9.96,0.9969969969969968,0.9969969969969968,0.9959996675568534,0.99400301202103
9.97,0.9979979979979979,0.9979979979979979,0.9973324441480494,0.996000004008012
9.98,0.9989989989989989,0.9989989989989989,0.9986658882957651,0.9979990000010022
9.99,1.0,1.0,1.0,1.0
